,loss,val_loss
0,1.2633346319198608,0.6597198843955994
1,0.7608840465545654,0.5020838379859924
2,0.5634700059890747,0.38852617144584656
3,0.4092985689640045,0.30090731382369995
4,0.3065302073955536,0.22759337723255157
5,0.23761610686779022,0.17407552897930145
6,0.16396750509738922,0.11379614472389221
7,0.12418459355831146,0.11000052094459534
8,0.111392080783844,0.07267019897699356
9,0.10431873798370361,0.06996510177850723
10,0.11279597133398056,0.10037127137184143
11,0.09105527400970459,0.08870493620634079
12,0.07680337876081467,0.07143741846084595
13,0.07883188873529434,0.04507175087928772
14,0.09541691094636917,0.14889104664325714
15,0.1040494292974472,0.051823537796735764
16,0.07209677249193192,0.04283098876476288
17,0.07557684183120728,0.06588403880596161
18,0.08873811364173889,0.06214648485183716
19,0.05902653932571411,0.09694574028253555
20,0.07272237539291382,0.06146160140633583
21,0.08381913602352142,0.07330963015556335
22,0.080741748213768,0.10181368887424469
23,0.09769535809755325,0.08715732395648956
24,0.08943205326795578,0.07235096395015717
25,0.07901816070079803,0.0883781909942627
26,0.08024540543556213,0.055990416556596756
27,0.06730063259601593,0.06095428019762039
28,0.09176607429981232,0.06157230958342552
29,0.07083863765001297,0.05954799801111221
30,0.11900390684604645,0.10549310594797134
31,0.12012180685997009,0.0675019919872284
32,0.08956640213727951,0.09297879785299301
33,0.08904732018709183,0.07808968424797058
34,0.07960345596075058,0.0522829070687294
35,0.06839784234762192,0.08158009499311447
36,0.10170905292034149,0.05691131204366684
