Run ID,Batch Size,Number of Hidden Neurons,Response
0,33,6,42.69816116892302
1,40,6,47.2813512948677
2,33,9,95.8910746329766
3,40,9,55.7403839203248
4,37,8,48.6814395376808
5,37,8,51.28394376401571
6,32,8,43.06079880014049
7,42,8,44.2395111551831
8,37,6,38.75837868407892
9,37,10,43.6829086428648
10,37,8,46.60580365372999
11,37,8,52.6860562991784
