Run ID,Batch Size,Number of Hidden Neurons,Response
0,106,111,775736.4492670663
1,122,111,641322.7283175995
2,106,128,1158254.5490019063
3,122,128,782996.0969663515
4,114,120,741852.6703467568
5,114,120,715560.5691246265
6,103,120,627795.11869549
7,126,120,1136072.4954718824
8,114,108,554042.9806195984
9,114,132,1578695.1544198636
10,114,120,889470.6422259505
11,114,120,626333.6760421995
