Run ID,Batch Size,Number of Hidden Neurons,Response
0,61,10,64.1111796418398
1,68,10,57.579170612949895
2,61,13,70.153669803884
3,68,13,56.113851892355626
4,65,12,78.6338332429665
5,65,12,81.65984145770398
6,60,12,74.7471620451847
7,70,12,56.113664233678
8,65,10,75.609545587003
9,65,14,62.889934675433
10,65,12,73.3163973920506
11,65,12,57.194313560072686
