Run ID,Batch Size,Number of Hidden Neurons,Response
0,106,111,61023.91039873549
1,122,111,53870.27713156255
2,106,128,75167.75385770999
3,122,128,39340.72552965478
4,114,120,105236.10790259694
5,114,120,69040.72883937426
6,103,120,56656.54408570147
7,126,120,102768.1708833259
8,114,108,48669.07778721332
9,114,132,53177.18153421884
10,114,120,72845.38010017748
11,114,120,54781.297675686495
