Run ID,Batch Size,Number of Hidden Neurons,Response
0,65,12,49.5172379173196
1,62,10,50.46345632318
