,loss,val_loss
0,1.2954083681106567,0.6614348888397217
1,0.7217873930931091,0.47824394702911377
2,0.5196614861488342,0.3414103388786316
3,0.3686318099498749,0.24956689774990082
4,0.25089165568351746,0.1916169822216034
5,0.16852883994579315,0.12530001997947693
6,0.11906717717647552,0.09890575706958771
7,0.10114288330078125,0.06119076907634735
8,0.07997619360685349,0.1198723092675209
9,0.09592308104038239,0.07654621452093124
10,0.09725839644670486,0.09733225405216217
11,0.10011611878871918,0.06714894622564316
12,0.09853967279195786,0.055218279361724854
13,0.07062376290559769,0.10589441657066345
14,0.08262082934379578,0.059110838919878006
15,0.06591527909040451,0.048695437610149384
16,0.09298372268676758,0.09148704260587692
17,0.08766719698905945,0.09740287810564041
18,0.11400885134935379,0.06943541765213013
19,0.09149015694856644,0.06668438017368317
20,0.08541535586118698,0.06063986197113991
21,0.10649309307336807,0.07859567552804947
22,0.08981245011091232,0.07133401185274124
23,0.08413294702768326,0.1151517778635025
24,0.09683511406183243,0.07992488145828247
25,0.09555303305387497,0.08003027737140656
26,0.08134159445762634,0.086644247174263
27,0.09607924520969391,0.06330983340740204
28,0.08267202228307724,0.06683333218097687
29,0.10224148631095886,0.07934411615133286
30,0.10336723923683167,0.13727252185344696
31,0.09957114607095718,0.04803946241736412
32,0.08754140138626099,0.04280375689268112
33,0.06702547520399094,0.04519370198249817
34,0.08386629819869995,0.12841808795928955
35,0.09428846836090088,0.08648476004600525
36,0.11793621629476547,0.10805228352546692
37,0.11664129048585892,0.1093817725777626
38,0.10015504062175751,0.10908477008342743
39,0.09363517165184021,0.11025279760360718
40,0.084398053586483,0.06972482055425644
41,0.08090531080961227,0.11155683547258377
42,0.08397547155618668,0.04873110353946686
43,0.07949656993150711,0.09965942054986954
44,0.10142818838357925,0.10562054067850113
45,0.08557471632957458,0.05434112995862961
46,0.07351471483707428,0.09251357614994049
47,0.08995310217142105,0.073714978992939
48,0.0778263732790947,0.08503413200378418
49,0.08206748217344284,0.06787146627902985
50,0.08271204680204391,0.049075812101364136
51,0.08332080394029617,0.0938212051987648
52,0.07631158083677292,0.07930539548397064
