Run ID,Batch Size,Number of Hidden Neurons,Response
0,61,10,107.51911155983402
1,68,10,74.85433136502547
2,61,13,1581.3350588101544
3,68,13,1880.183054084968
4,65,12,125.446083293044
5,65,12,91.2460916049705
6,65,12,81.48287651484051
7,65,12,1524.036329103793
8,60,12,65.165112345218
9,70,12,69.81872410357998
10,65,10,77.725554590212
11,65,14,86.24285896300651
12,65,12,1019.144697807402
13,65,12,76.80100628371201
14,65,12,83.645630831092
15,65,12,966.9141543825946
