Run ID,Batch Size,Number of Hidden Neurons,Response
0,256,50,6512.901816165552
1,256,250,9168.035760309873
2,256,250,10056.571886447298
3,256,50,6597.775729068661
4,32,50,5927.54204926415
5,256,50,6597.77257424098
6,32,50,5927.54204926415
7,256,50,6597.776908385749
8,32,50,5927.54204926415
9,256,250,10056.574805616436
10,32,250,8138.200773049362
11,32,250,11366.5688850936
12,32,250,10040.955789588168
13,256,250,10056.575009877994
14,32,50,5927.54204926415
15,32,250,11366.574725166824
