Run ID,Batch Size,Number of Hidden Neurons,Response
0,64,20,58.19174336302321
1,32,30,55.7469072078761
2,32,30,55.7469072078761
3,32,20,82.51277416658141
4,64,30,50.424829197637806
5,32,20,82.51277416658141
6,64,20,58.19174336302321
7,64,30,52.6706465061048
