Run ID,Batch Size,Number of Hidden Neurons,Response
0,65,12,2736.088512408986
1,64,10,1722.059432836831
2,63,8,1289.689603273116
3,62,6,1621.071050481914
