Run ID,Batch Size,Number of Hidden Neurons,Response
0,65,12,52.260003752671
1,76,14,52.45955334449701
