Run ID,Batch Size,Number of Hidden Neurons,Response
0,65,12,69.1978983267787
1,62,10,69.056228977226
2,60,8,56.7231120842516
3,57,6,56.6227619139589
4,55,4,69.1824261689579
