Run ID,Batch Size,Number of Hidden Neurons,Response
0,61,10,48.6380397577712
1,68,10,59.397527290672606
2,61,13,49.4299801883805
3,68,13,48.7722464235438
4,65,12,58.5568261488128
5,65,12,56.34795349913194
6,65,12,64.636111363882
7,65,12,65.694814488351
8,60,12,47.63823889945021
9,70,12,51.0882953990224
10,65,10,63.62250908620501
11,65,14,52.1464082986371
12,65,12,47.8739763450242
13,65,12,51.1571918909045
14,65,12,69.29872756784043
15,65,12,52.987391311215006
