Run ID,Batch Size,Number of Hidden Neurons,Response
0,60,10,1124.475734581444
1,70,10,1497.0888625746609
2,60,10,1175.0065798935047
3,60,14,2242.4928875259475
4,70,14,3435.310003734686
5,70,14,1767.0264521553768
6,60,14,2388.3415552942056
7,60,14,1542.552149886421
8,70,10,1928.4715778604927
9,70,10,1364.4976252160147
10,60,10,2103.2605039764767
11,70,14,2188.878910471227
12,60,14,2190.563736274524
13,70,14,1337.345651245745
14,70,10,1892.076187536274
15,60,10,1831.760122506409
