Run ID,Batch Size,Number of Hidden Neurons,Response
0,61,10,68.32208519121899
1,68,10,67.90650020910648
2,61,13,65.19766517374781
3,68,13,91.1157250200053
4,65,12,77.06726098095221
5,65,12,64.396112655299
6,60,12,66.2348303640764
7,70,12,81.3231616618436
8,65,10,63.50799754335501
9,65,14,70.76213650227551
10,65,12,64.10854049715802
11,65,12,57.991125075806
