Run ID,Batch Size,Number of Hidden Neurons,Response
0,65,12,76.97493849028899
1,66,14,863.4121849415329
