,loss,val_loss
0,2.7122719287872314,1.9013452529907227
1,1.8897889852523804,1.4752769470214844
2,1.569585919380188,1.2337543964385986
3,1.3149120807647705,1.0934993028640747
4,1.1855617761611938,0.970960795879364
5,1.0619089603424072,0.8764773607254028
6,0.9713853001594543,0.8125905394554138
7,0.8804157972335815,0.7415453791618347
8,0.8031828999519348,0.6915197968482971
9,0.7499502301216125,0.6148586273193359
10,0.6657649874687195,0.5575720071792603
11,0.601138174533844,0.5131376385688782
12,0.5622230768203735,0.4529096484184265
13,0.5019280314445496,0.41031143069267273
14,0.4527219831943512,0.36994531750679016
15,0.4032331109046936,0.3414202928543091
16,0.35668957233428955,0.2873108386993408
17,0.316990464925766,0.25611159205436707
18,0.28132814168930054,0.22275912761688232
19,0.2449914813041687,0.1892266869544983
20,0.21560809016227722,0.1663309782743454
21,0.18905074894428253,0.15267640352249146
22,0.15321727097034454,0.13488449156284332
23,0.13916432857513428,0.11461836099624634
24,0.11420514434576035,0.07811511307954788
25,0.09317231178283691,0.0735023096203804
26,0.08616224676370621,0.06366738677024841
27,0.07717031240463257,0.045267242938280106
28,0.05276932939887047,0.04545591026544571
29,0.050199609249830246,0.04025879129767418
30,0.05113651603460312,0.03442123532295227
31,0.04716015234589577,0.037618640810251236
32,0.04538698121905327,0.028561906889081
33,0.040844548493623734,0.03979308903217316
34,0.042873315513134,0.024219227954745293
35,0.0421011745929718,0.03852337598800659
36,0.05430193617939949,0.0426347441971302
37,0.04872990772128105,0.03642856702208519
38,0.037934139370918274,0.02963869832456112
39,0.04901088401675224,0.02733094058930874
40,0.043617647141218185,0.036172349005937576
41,0.04315996542572975,0.040568575263023376
42,0.0418662466108799,0.041261110454797745
43,0.04471820965409279,0.03856666758656502
44,0.041996367275714874,0.02737736888229847
45,0.03947098180651665,0.033130746334791183
46,0.04005534574389458,0.03214943781495094
47,0.04054245725274086,0.029296999797225
48,0.04264150932431221,0.027016401290893555
49,0.04907822981476784,0.031885016709566116
50,0.046423714607954025,0.04415137320756912
51,0.04558945819735527,0.02703375741839409
52,0.047028880566358566,0.02709442377090454
53,0.04110761731863022,0.04687654227018356
54,0.04461674392223358,0.02768748439848423
