Run ID,Batch Size,Number of Hidden Neurons,Response
0,65,12,82.15952760499091
1,66,14,56.820824271531
2,67,16,81.6359232556278
