Run ID,Batch Size,Number of Hidden Neurons,Response
0,60,14,2613.3158073305262
1,70,10,1874.8509255928973
2,70,10,2172.319889449431
3,60,10,1871.2611901766984
4,70,10,1376.0870855592689
5,70,14,1898.954988329834
6,70,14,2947.5919933348096
7,60,10,3051.6616457754944
8,60,10,1322.5877884667532
9,70,14,1648.2235526700026
10,70,14,3229.976524258156
11,60,10,2757.6372348480136
12,60,14,1320.7431081770342
13,70,10,2651.4278005488163
14,60,14,2802.9759491290306
15,60,14,1978.6345768718
