Run ID,Batch Size,Number of Hidden Neurons,Response
0,61,10,967.546734327428
1,68,10,1115.45488432083
2,61,13,108.072885078575
3,68,13,69.7618696920874
4,65,12,68.2830664965926
5,65,12,88.8011332740337
6,65,12,2232.3298594702583
7,65,12,63.5853134157281
8,60,12,2301.597035873686
9,70,12,68.85573589953381
10,65,10,64.47788788832601
11,65,14,73.81555906553301
12,65,12,69.1020390649325
13,65,12,66.3207282192804
14,65,12,92.33267323564
15,65,12,97.57430833958398
