,loss,val_loss
0,1.2993009090423584,0.7214774489402771
1,0.7714288234710693,0.5142902731895447
2,0.5734529495239258,0.3811047673225403
3,0.43518733978271484,0.30595630407333374
4,0.3236131966114044,0.19699199497699738
5,0.21728940308094025,0.15578654408454895
6,0.15394601225852966,0.10334501415491104
7,0.12825271487236023,0.09118552505970001
8,0.11139275878667831,0.07174790650606155
9,0.09146085381507874,0.088985875248909
10,0.07865314930677414,0.05718125402927399
11,0.06903714686632156,0.1310761272907257
12,0.11376652121543884,0.05607698857784271
13,0.07148630917072296,0.07164126634597778
14,0.09275178611278534,0.0867273285984993
15,0.09262207895517349,0.12410758435726166
16,0.08767051249742508,0.04814527556300163
17,0.0866188332438469,0.0643051266670227
18,0.10453251004219055,0.06672228872776031
19,0.09345625340938568,0.08823804557323456
20,0.08323372155427933,0.07160517573356628
21,0.10332876443862915,0.05316362902522087
22,0.08986801654100418,0.10040032118558884
23,0.07713019847869873,0.07014376670122147
24,0.09673193097114563,0.06470602750778198
25,0.08113907277584076,0.06941129267215729
26,0.11731499433517456,0.07602568715810776
27,0.1028204932808876,0.13750813901424408
28,0.11364006996154785,0.09075640141963959
29,0.08755972236394882,0.07202180474996567
30,0.09016554802656174,0.06390239298343658
31,0.10122832655906677,0.07130793482065201
32,0.08085379004478455,0.08459528535604477
33,0.07431396842002869,0.0484984926879406
34,0.08917267620563507,0.0883401408791542
35,0.09023778885602951,0.07163980603218079
36,0.08840794116258621,0.07064831256866455
