,loss,val_loss
0,1.347905158996582,0.7180190086364746
1,0.7440565228462219,0.5048201084136963
2,0.5345656871795654,0.3685092329978943
3,0.37349435687065125,0.2691369652748108
4,0.26949405670166016,0.20451483130455017
5,0.1859751045703888,0.11230206489562988
6,0.1451171189546585,0.12669233977794647
7,0.12006078660488129,0.09397431463003159
8,0.10625776648521423,0.10306808352470398
9,0.0864192545413971,0.07807762175798416
10,0.1100325733423233,0.08013378828763962
11,0.10979501157999039,0.06149325147271156
12,0.086604543030262,0.07328486442565918
13,0.07023008167743683,0.07592130452394485
14,0.08545298874378204,0.07978092133998871
15,0.07869339734315872,0.09849041700363159
16,0.08824073523283005,0.0807638168334961
17,0.07685374468564987,0.0614750012755394
18,0.08857700973749161,0.11466050148010254
19,0.09725586324930191,0.06091951206326485
20,0.09279858320951462,0.08336752653121948
21,0.09950028359889984,0.04395110532641411
22,0.07295462489128113,0.046161238104104996
23,0.07377360761165619,0.09682738035917282
24,0.0924835354089737,0.08141634613275528
25,0.1021047979593277,0.10439743846654892
26,0.08630074560642242,0.08703956753015518
27,0.09283991903066635,0.07102037221193314
28,0.07665786892175674,0.07716060429811478
29,0.08994100242853165,0.06389622390270233
30,0.08676638454198837,0.049382664263248444
31,0.08221253752708435,0.12808643281459808
32,0.10664884746074677,0.08180822432041168
33,0.09285878390073776,0.09902669489383698
34,0.07888783514499664,0.07028234750032425
35,0.08714255690574646,0.07155995815992355
36,0.08353103697299957,0.0756201520562172
37,0.08750033378601074,0.10824579745531082
38,0.07425186783075333,0.05244903266429901
39,0.07394643872976303,0.0956444963812828
40,0.09905802458524704,0.057124897837638855
41,0.07372163981199265,0.055897269397974014
