Run ID,Batch Size,Number of Hidden Neurons,Response
0,61,10,61.53149000578
1,68,10,59.7683302075833
2,61,13,55.71208670191249
3,68,13,57.1229979859487
4,65,12,54.7352919146888
5,65,12,48.6620442617564
6,65,12,53.01397328099
7,65,12,59.39038103609061
8,60,12,51.708946521991
9,70,12,57.12631439433119
10,65,10,58.2543050266044
11,65,14,50.42646009259301
12,65,12,57.45435668360352
13,65,12,55.49028162366541
14,65,12,53.1100934416735
15,65,12,73.06794187390899
