Run ID,Batch Size,Number of Hidden Neurons,Response
0,65,12,2113.8320261196022
1,71,14,1232.671515517772
2,77,16,1764.8666850620205
