Run ID,Batch Size,Number of Hidden Neurons,Response
0,67,12,3001.717795746524
1,74,12,2478.5923931692337
2,67,15,2608.9694184466102
3,74,15,2601.6096748299537
4,71,14,2761.516382052748
5,71,14,2299.026467779826
6,71,14,1308.5700465176842
7,71,14,2440.7426279737283
8,66,14,2109.0660973618405
9,76,14,2924.2242613107783
10,71,12,1446.0560889924138
11,71,16,1702.5974381805804
12,71,14,1947.349716618972
13,71,14,1947.793583564308
14,71,14,1719.7509896084289
15,71,14,2849.3655366512075
