Run ID,Batch Size,Number of Hidden Neurons,Response
0,70,10,76.462509325497
1,70,14,64.36096217777852
2,70,10,76.21507283021
3,60,10,60.291911117412
4,60,14,68.59750848547301
5,60,10,57.46746316615099
6,60,14,64.382921763702
7,70,14,121.1056106034215
8,70,14,71.18453042717601
9,70,10,61.5374126918674
10,70,10,63.6684471939494
11,60,14,68.28097830151
12,60,14,111.66268286575954
13,60,10,71.07843697239619
14,70,14,108.010663210459
15,60,10,73.1370890065871
