Run ID,Batch Size,Number of Hidden Neurons,Response
0,65,12,60.23153522090357
1,63,10,59.978199196039306
2,62,8,63.48438682629552
