Run ID,Batch Size,Number of Hidden Neurons,Response
0,65,12,71.907942523041
1,61,10,64.73038812891828
2,58,8,68.8026065639506
