Run ID,Batch Size,Number of Hidden Neurons,Response
0,65,12,48.7727470584156
1,64,10,56.14495455875309
