Run ID,Batch Size,Number of Hidden Neurons,Response
0,65,12,71.9299867304834
1,53,10,138.82990099485198
