Run ID,Batch Size,Number of Hidden Neurons,Response
0,65,12,46.8628562999394
1,52,10,53.3850717247566
