Run ID,Batch Size,Number of Hidden Neurons,Response
0,65,12,82.986093656502
1,66,14,71.29397241940102
2,67,16,171.4265145505589
