Run ID,Batch Size,Number of Hidden Neurons,Response
0,61,10,55.873284449138
1,68,10,58.58267640438379
2,61,13,72.681733556539
3,68,13,73.91700402759301
4,65,12,79.86187214534931
5,65,12,53.2132072826813
6,60,12,54.5384204887764
7,70,12,64.153473269728
8,65,10,86.71145593510721
9,65,14,77.84788529759899
10,65,12,75.21992389701012
11,65,12,74.52777960219402
