Run ID,Batch Size,Number of Hidden Neurons,Response
0,129,135,67943.00447432345
1,115,120,44605.524748677
2,100,105,58541.38379034095
3,86,90,44934.3161623343
4,72,75,45543.1945605942
5,57,59,53320.23013735681
6,43,44,66897.81270173413
7,28,30,49208.576220059294
8,14,15,49799.27198597453
