Run ID,Batch Size,Number of Hidden Neurons,Response
0,65,12,2302.448502972604
1,64,10,2130.7755746455823
2,64,8,1515.148828123628
3,64,6,2292.499628514449
