Run ID,Batch Size,Number of Hidden Neurons,Response
0,62,12,47.9375276714829
1,69,12,59.08756704636241
2,62,15,51.760037570962496
3,69,15,70.21451047842399
4,66,14,74.22889979059221
5,66,14,1371.4074222828297
6,66,14,79.97375313465841
7,66,14,1392.343424441575
8,61,14,67.93780385326039
9,71,14,1335.29898631576
10,66,12,46.008797221811705
11,66,16,50.13922223988259
12,66,14,184.8825084722549
13,66,14,71.4873948877734
14,66,14,81.7986776097554
15,66,14,818.1410920883279
