Run ID,Batch Size,Number of Hidden Neurons,Response
0,70,10,43.01603409993431
1,60,10,55.32170887595259
2,60,10,61.017269637571744
3,70,14,57.5560187053963
4,70,10,47.1806580239831
5,60,14,46.4980146638794
6,60,14,47.5535453186943
7,60,10,50.33668203608351
8,70,14,57.75248141287304
9,60,14,84.087199179858
10,70,14,35.217871420773605
11,70,14,54.8595611484276
12,70,10,54.1987432582696
13,70,10,47.3821344474424
14,60,10,56.2374147634483
15,60,14,51.331349219746
