Run ID,Batch Size,Number of Hidden Neurons,Response
0,60,10,37.207768711475005
1,60,10,36.38328935562971
2,60,14,36.7794877241106
3,60,14,39.93432695318549
4,70,14,34.4882986056297
5,70,10,37.4417470879653
6,60,10,37.6249692750961
7,70,10,36.59544738941895
8,70,10,38.52300474160911
9,60,14,39.144590482541
10,70,14,47.53034597101259
11,60,14,35.73293520514445
12,60,10,34.71408211349072
13,70,14,37.35080148142311
14,70,14,32.9406300046148
15,70,10,37.0516582369908
