Run ID,Batch Size,Number of Hidden Neurons,Response
0,32,250,1170799.8409332098
1,256,50,696641.5344970598
2,256,250,1179748.0164916867
3,256,50,485285.5397940117
4,256,250,1247167.323012698
5,256,250,931242.9858180794
6,32,50,570462.882808066
7,32,250,1068709.028981387
8,32,250,702525.8340556514
9,32,50,378469.5930587206
10,256,50,674335.7278093752
11,32,50,608267.6119259474
12,32,250,1253163.9760553937
13,256,50,514590.0682734125
14,32,50,654231.1385535487
15,256,250,900952.4103524424
