Run ID,Batch Size,Number of Hidden Neurons,Response
0,65,12,63.67945313686299
1,62,10,76.27811640707279
