Run ID,Batch Size,Number of Hidden Neurons,Response
0,129,135,761513.2162805826
1,115,120,583447.4300360767
2,100,105,671983.0489956362
3,86,90,753952.1203825807
4,72,75,613656.369961069
5,57,59,467457.2461894171
6,43,44,488653.1440552899
7,28,30,574574.228276723
8,14,15,517949.394985236
