Run ID,Batch Size,Number of Hidden Neurons,Response
0,65,12,87.9526124119032
1,51,10,53.102064101664205
2,37,8,34.7178363658088
3,23,6,42.76058505321952
