Run ID,Batch Size,Number of Hidden Neurons,Response
0,70,10,95.55443600317926
1,60,10,89.98133811667651
2,70,14,71.12216157569532
3,70,10,105.482944060301
4,60,14,73.49071689361742
5,60,14,86.1586769557918
6,70,10,55.650333145991006
7,70,14,64.51126473287499
8,60,14,82.6934879135575
9,60,10,2122.169195143956
10,60,10,82.9383026212694
11,70,14,134.9297737548355
12,70,10,65.433261765281
13,60,14,150.383762274633
14,60,10,52.31225683754489
15,70,14,83.04010826214
