,loss,val_loss
0,1.3533800840377808,0.7190308570861816
1,0.7312341928482056,0.5418749451637268
2,0.5629989504814148,0.4129018187522888
3,0.41828858852386475,0.2930254638195038
4,0.29325130581855774,0.21578355133533478
5,0.22212190926074982,0.14438651502132416
6,0.16020862758159637,0.16797401010990143
7,0.14092449843883514,0.07167890667915344
8,0.09527274966239929,0.10262076556682587
9,0.09062480926513672,0.08430436253547668
10,0.10095543414354324,0.11534661799669266
11,0.08596216887235641,0.054738599807024
12,0.08994288742542267,0.048363182693719864
13,0.06711073219776154,0.08390191197395325
14,0.07603482156991959,0.05614405870437622
15,0.09496848285198212,0.07594162225723267
16,0.10696540772914886,0.06827902793884277
17,0.11166489869356155,0.13850583136081696
18,0.10368866473436356,0.08129120618104935
19,0.07943028956651688,0.06846727430820465
20,0.07536814361810684,0.06283881515264511
21,0.10378532111644745,0.06723358482122421
22,0.08785638958215714,0.06216351315379143
23,0.08347871899604797,0.12780813872814178
24,0.1130497083067894,0.10964428633451462
25,0.11973384767770767,0.09094835817813873
26,0.09232062846422195,0.1282305270433426
27,0.09245064109563828,0.0537189245223999
28,0.08583905547857285,0.06218092888593674
29,0.07690151035785675,0.08691827952861786
30,0.08423265069723129,0.09681442379951477
31,0.09641274064779282,0.08987823873758316
32,0.1105966791510582,0.0663735494017601
