Run ID,Batch Size,Number of Hidden Neurons,Response
0,59,6,3904.73663893229
1,66,6,2252.920048849336
2,59,9,1927.0322449461016
3,66,9,2047.5225252225864
4,63,8,1376.9646779438349
5,63,8,1970.096654388342
6,63,8,3197.3741028256486
7,63,8,2367.785911298339
8,58,8,3767.595296267248
9,68,8,2335.49999327822
10,63,6,2454.189224718644
11,63,10,1989.4698099397751
12,63,8,4540.106656308095
13,63,8,3926.703774835709
14,63,8,3913.2312937623856
15,63,8,2678.8181632736323
