Run ID,Batch Size,Number of Hidden Neurons,Response
0,60,10,71.93258218871101
1,60,14,70.94029390266701
2,70,10,71.32235214289899
3,60,10,72.28368489568899
4,60,14,93.3339530372294
5,70,10,60.754121437658206
6,70,10,72.75185880039011
7,70,14,72.15181875398771
8,60,14,58.3690168906116
9,60,14,96.65515865203402
10,70,10,76.214444371737
11,70,14,80.54522097275702
12,60,10,93.3471820778559
13,70,14,78.200954219945
14,70,14,81.75681614540702
15,60,10,63.44073080824399
