Run ID,Batch Size,Number of Hidden Neurons,Response
0,65,12,64.3961836835
1,62,10,76.04635831697884
