,loss,val_loss
0,1.4395639896392822,0.7437317967414856
1,0.7978025674819946,0.5474802255630493
2,0.5463862419128418,0.4067097008228302
3,0.3914921283721924,0.28573036193847656
4,0.2850404381752014,0.19905684888362885
5,0.19531619548797607,0.15866424143314362
6,0.15399640798568726,0.1030707135796547
7,0.11082161217927933,0.11253347992897034
8,0.10607222467660904,0.06143447756767273
9,0.08115461468696594,0.07317560911178589
10,0.11158769577741623,0.11825624853372574
11,0.08539726585149765,0.06830868870019913
12,0.07851643115282059,0.07089229673147202
13,0.07380916178226471,0.05730782821774483
14,0.08008141070604324,0.1076672151684761
15,0.11380398273468018,0.07695933431386948
16,0.07792318612337112,0.11741310358047485
17,0.1260964721441269,0.04247661679983139
18,0.07334817945957184,0.07363452017307281
19,0.08037891238927841,0.055916257202625275
20,0.07681670784950256,0.08072498440742493
21,0.08953455835580826,0.09678079187870026
22,0.10983754694461823,0.09830588847398758
23,0.11140492558479309,0.06984257698059082
24,0.08413737267255783,0.06661082059144974
25,0.09012919664382935,0.12608064711093903
26,0.08387071639299393,0.0714496448636055
27,0.08623900264501572,0.1049688383936882
28,0.10262977331876755,0.11536446213722229
29,0.1015491932630539,0.06155087798833847
30,0.07487763464450836,0.057184021919965744
31,0.09212955832481384,0.06449375301599503
32,0.10399318486452103,0.06316756457090378
33,0.06475849449634552,0.06128833815455437
34,0.08687525242567062,0.0787699967622757
35,0.06353897601366043,0.08164430409669876
36,0.09036708623170853,0.0918603464961052
37,0.10589920729398727,0.0965828225016594
