,loss,val_loss
0,1.9828439950942993,0.8884901404380798
1,0.9672976732254028,0.6216500401496887
2,0.7143546938896179,0.4645567536354065
3,0.5465809106826782,0.3864343464374542
4,0.4193410575389862,0.28737372159957886
5,0.30898451805114746,0.2187042087316513
6,0.2378687560558319,0.16023261845111847
7,0.15796291828155518,0.10295172035694122
8,0.12038848549127579,0.06571550667285919
9,0.08687438815832138,0.09018850326538086
10,0.09945487231016159,0.08203598856925964
11,0.08636472374200821,0.06352826952934265
12,0.1056053638458252,0.0629047304391861
13,0.08982651680707932,0.10554184019565582
14,0.11586789041757584,0.06641585379838943
15,0.0988238975405693,0.04889475926756859
16,0.08425547182559967,0.07419437170028687
17,0.0896027460694313,0.07381623983383179
18,0.07574146240949631,0.07897105067968369
19,0.08100869506597519,0.060938555747270584
20,0.09165438264608383,0.08272486925125122
21,0.10731978714466095,0.08163890987634659
22,0.07930783927440643,0.07284107059240341
23,0.1107749417424202,0.06748442351818085
24,0.08156542479991913,0.12509721517562866
25,0.11887472122907639,0.06658998876810074
26,0.08112122118473053,0.06770648062229156
27,0.09498747438192368,0.05867311730980873
28,0.08378198742866516,0.0971318930387497
29,0.09950356930494308,0.07412619888782501
30,0.09504584968090057,0.06151161342859268
31,0.08828271925449371,0.07809101790189743
32,0.09418480843305588,0.0713367611169815
33,0.09152586758136749,0.058849237859249115
34,0.07540328055620193,0.05163156986236572
35,0.08078420907258987,0.036257121711969376
36,0.08959392458200455,0.05154882371425629
37,0.08262283354997635,0.054592691361904144
38,0.09330009669065475,0.08604086935520172
39,0.08425801992416382,0.09901650995016098
40,0.08554128557443619,0.055699046701192856
41,0.08510464429855347,0.10547631978988647
42,0.10630083829164505,0.07915779948234558
43,0.09012089669704437,0.1139417365193367
44,0.06914642453193665,0.057154007256031036
45,0.08761653304100037,0.050322771072387695
46,0.08190107345581055,0.08419888466596603
47,0.07691813260316849,0.10359163582324982
48,0.10445298254489899,0.07855076342821121
49,0.09712433069944382,0.056877054274082184
50,0.08768054842948914,0.06769703328609467
51,0.08144553005695343,0.053118035197257996
52,0.10767092555761337,0.08387362211942673
53,0.09184063971042633,0.07020461559295654
54,0.0704953670501709,0.07089366018772125
55,0.07545825839042664,0.04800762981176376
