Run ID,Batch Size,Number of Hidden Neurons,Response
0,70,10,2022.24795579566
1,60,14,1708.173868540068
2,70,10,1281.391231587102
3,70,14,2029.520755071032
4,70,10,2673.0653748311183
5,60,10,4399.367711853905
6,60,14,1801.687044738058
7,60,10,2778.3958025036573
8,60,14,2282.053484282288
9,70,10,1308.0368645030178
10,70,14,2144.270349985414
11,70,14,1649.15997952072
12,70,14,2658.7463769976484
13,60,14,1751.75799852913
14,60,10,1759.36912328395
15,60,10,2328.334626557842
