Run ID,Batch Size,Number of Hidden Neurons,Response
0,65,12,3805.4302386538384
1,83,14,2113.3751801426192
2,102,16,2161.9425285632824
