Run ID,Batch Size,Number of Hidden Neurons,Response
0,60,6,2307.0092116488463
1,67,6,1594.0758601818115
2,60,9,2708.0405008682064
3,67,9,1763.2415242415284
4,64,8,2998.5487428322594
5,64,8,2282.096383780084
6,64,8,1770.1507986143167
7,64,8,2576.211385493676
8,59,8,3229.827840951876
9,69,8,3059.651109932793
10,64,6,1452.9748267049065
11,64,10,2880.445822077866
12,64,8,3472.2688856419004
13,64,8,2482.050696253664
14,64,8,2270.6413868885797
15,64,8,3197.4866033197327
