Run ID,Batch Size,Number of Hidden Neurons,Response
0,65,12,1502.9159027317155
1,55,10,4218.65489131974
