Run ID,Batch Size,Number of Hidden Neurons,Response
0,65,12,74.703356489125
1,62,10,75.094810365323
