Run ID,Batch Size,Number of Hidden Neurons,Response
0,65,12,70.01734797347429
1,70,14,112.706772979954
