Run ID,Batch Size,Number of Hidden Neurons,Response
0,60,10,967.8992463085642
1,60,10,51.7709889922188
2,70,14,49.40257928447371
3,60,14,64.739120448789
4,70,10,65.938481796731
5,70,10,1480.4259547273386
6,60,10,43.1112034687498
7,60,14,77.6014184339263
8,70,14,83.545481003425
9,70,10,56.0439140528508
10,60,14,54.2408943410998
11,60,10,53.600187753564605
12,70,10,53.5072280768674
13,70,14,51.59169419211741
14,60,14,49.2812326378814
15,70,14,81.19915394020741
