Run ID,Batch Size,Number of Hidden Neurons,Response
0,65,12,43.9490860464545
1,64,10,40.28117201637421
2,64,8,59.7337117709248
