Run ID,Batch Size,Number of Hidden Neurons,Response
0,47,21,60.0267929110376
1,46,17,76.94936824013722
2,45,13,139.84658134735685
3,44,10,57.7511753949962
