Run ID,Batch Size,Number of Hidden Neurons,Response
0,144,150,1115190.0476349904
1,129,135,1433859.797347064
2,115,120,518880.6407000063
3,100,105,552544.4330874595
4,86,90,955455.7198646956
5,72,75,973176.709964502
6,57,59,693352.3650609262
7,43,44,470464.1407435797
8,28,30,507661.179164139
9,14,15,390893.1130343808
