Run ID,Batch Size,Number of Hidden Neurons,Response
0,61,10,1304.537181134512
1,68,10,62.6401432816492
2,61,13,72.79949537756399
3,68,13,88.57429662344741
4,65,12,3806.887162996659
5,65,12,84.45796137058201
6,65,12,76.486758072476
7,65,12,92.701677999162
8,60,12,68.153979563379
9,70,12,70.07225893671999
10,65,10,1739.162569037656
11,65,14,79.390561680709
12,65,12,69.30063464032258
13,65,12,1618.6338826535098
14,65,12,66.444523366229
15,65,12,93.6400641165712
