,loss,val_loss
0,1.450236201286316,0.7935879230499268
1,0.7824556827545166,0.5423117280006409
2,0.5769907832145691,0.42416492104530334
3,0.44182759523391724,0.300193727016449
4,0.31780728697776794,0.2340591549873352
5,0.2326643317937851,0.18010090291500092
6,0.19002826511859894,0.13272637128829956
7,0.13182100653648376,0.09034518152475357
8,0.12483812123537064,0.09109669178724289
9,0.10354579985141754,0.05328964442014694
10,0.09676625579595566,0.07656890898942947
11,0.10377181321382523,0.06309548020362854
12,0.09321696311235428,0.05684454366564751
13,0.0615694560110569,0.08951245248317719
14,0.08823930472135544,0.07330778986215591
15,0.09401717036962509,0.03835608810186386
16,0.08699151128530502,0.07016472518444061
17,0.08274846524000168,0.07850681245326996
18,0.07820931822061539,0.062296826392412186
19,0.07360366731882095,0.11896336078643799
20,0.08398491144180298,0.09118233621120453
21,0.10002805292606354,0.08903611451387405
22,0.10059189051389694,0.13014738261699677
23,0.09876307100057602,0.05053158104419708
24,0.08448648452758789,0.07757288962602615
25,0.08217247575521469,0.05481179058551788
26,0.0746108740568161,0.0540076419711113
27,0.06747562438249588,0.058088984340429306
28,0.07586333900690079,0.07385221123695374
29,0.09701888263225555,0.06006341800093651
30,0.07434966415166855,0.03829890862107277
31,0.0818658247590065,0.05695822834968567
32,0.06525886058807373,0.0700804814696312
33,0.08493110537528992,0.06546609848737717
34,0.06717443466186523,0.06102494150400162
35,0.0758034810423851,0.044171042740345
36,0.07734745740890503,0.09921082109212875
37,0.0969986766576767,0.07144948840141296
38,0.11079976707696915,0.09718680381774902
39,0.08530906587839127,0.07961808145046234
40,0.08159814029932022,0.039007723331451416
41,0.06381875276565552,0.040311381220817566
42,0.08485041558742523,0.053459618240594864
43,0.09207754582166672,0.07436740398406982
44,0.08597027510404587,0.10847549140453339
45,0.10859094560146332,0.07650086283683777
46,0.08078154921531677,0.09373507648706436
47,0.10765264183282852,0.07954911887645721
48,0.08449486643075943,0.05370631814002991
49,0.08274496346712112,0.08571862429380417
50,0.07388974726200104,0.06295628100633621
