Run ID,Batch Size,Number of Hidden Neurons,Response
0,65,12,74.039820546039
1,61,10,81.3519828935256
