,loss,val_loss
0,1.5394631624221802,0.8210699558258057
1,0.8737820982933044,0.637972354888916
2,0.643000602722168,0.4796571433544159
3,0.49159911274909973,0.3609110713005066
4,0.3522365093231201,0.2542004883289337
5,0.2585098445415497,0.18139907717704773
6,0.1793818175792694,0.16418610513210297
7,0.14589671790599823,0.08126611262559891
8,0.1015610471367836,0.11077465116977692
9,0.1007283627986908,0.07387268543243408
10,0.0964895486831665,0.14822934567928314
11,0.0903632864356041,0.07223464548587799
12,0.10875300318002701,0.04923880472779274
13,0.07345104962587357,0.052537329494953156
14,0.09182381629943848,0.07232516258955002
15,0.09277291595935822,0.06792061775922775
16,0.08636515587568283,0.04364297538995743
17,0.08638561517000198,0.07706980407238007
18,0.08560217171907425,0.07469318807125092
19,0.08212503790855408,0.0810963436961174
20,0.10239344090223312,0.09653732925653458
21,0.13250622153282166,0.066830113530159
22,0.0819699838757515,0.06329983472824097
23,0.06972548365592957,0.10266032069921494
24,0.08460485935211182,0.08386056125164032
25,0.0844026729464531,0.06139247119426727
26,0.08157815039157867,0.08766581118106842
27,0.07432196289300919,0.046070147305727005
28,0.07957769930362701,0.0695185586810112
29,0.12081494182348251,0.06834337115287781
30,0.1097024530172348,0.11802788078784943
31,0.08610489964485168,0.058744557201862335
32,0.08145195990800858,0.09579518437385559
33,0.09414666891098022,0.10739144682884216
34,0.10294996201992035,0.13275742530822754
35,0.09957113862037659,0.0655359998345375
36,0.08784157782793045,0.18770825862884521
