Run ID,Batch Size,Number of Hidden Neurons,Response
0,65,12,95.542734545456
1,71,14,1190.5349562864292
