Run ID,Batch Size,Number of Hidden Neurons,Response
0,70,14,103.8446282890268
1,60,14,72.310798269929
2,70,14,60.00268090590299
3,60,10,84.15739317989261
4,70,10,57.37082087817149
5,70,14,66.47788758518601
6,70,10,59.115249724924
7,60,10,75.791449504626
8,70,14,66.1511761638627
9,60,10,87.69001942219698
10,60,14,70.26345625160081
11,60,14,61.45928971173949
12,60,14,70.36231827593299
13,60,10,62.377626011354046
14,70,10,58.217643774418
15,70,10,65.768208112405
