Run ID,Batch Size,Number of Hidden Neurons,Response
0,256,250,23963.056252320683
1,256,50,5033.131208682915
2,256,250,13983.09991052878
3,32,250,11388.185699360609
4,32,250,5763.823222022878
5,32,250,9758.899803376407
6,32,50,7133.269671960881
7,256,50,5358.456981486367
8,32,250,5223.778589989433
9,32,50,5108.955752145905
10,256,250,9352.777742097984
11,256,50,5865.471168258812
12,32,50,5910.830168732975
13,32,50,7903.231316087367
14,256,250,6716.837883918111
15,256,50,5919.541830160736
