Run ID,Batch Size,Number of Hidden Neurons,Response
0,60,14,66.64877382342101
1,60,10,51.90368112646579
2,70,10,85.85682764552031
3,70,10,47.73810058938261
4,70,14,61.026047800147
5,60,14,54.399182350226994
6,60,10,57.88264676689791
7,70,10,81.81702696438599
8,70,10,60.16965441892741
9,70,14,70.03334489699401
10,60,14,86.335302534604
11,60,14,91.504350948163
12,60,10,54.309054103517
13,70,14,82.41747495991402
14,70,14,73.75519641787089
15,60,10,68.02902543828802
