Run ID,Batch Size,Number of Hidden Neurons,Response
0,32,50,58027.97471740434
1,256,250,60990.78836342253
2,32,50,60056.34685513131
3,32,50,53969.24436083877
4,256,250,168899.8445435097
5,256,50,54189.00315175415
6,32,250,95546.76401664672
7,256,50,107196.42790155252
8,256,250,67339.76421841756
9,256,50,60590.389628211626
10,32,250,87302.68032997756
11,32,50,45854.137745043416
12,32,250,67534.94152097905
13,256,50,56953.53186944701
14,32,250,119891.93317071238
15,256,250,43092.37500203548
