Run ID,Batch Size,Number of Hidden Neurons,Response
0,70,10,89.6474018334817
1,60,10,72.336635635788
2,60,14,73.49400812709891
3,70,14,70.39226426931899
4,60,14,80.1179172298595
5,60,10,57.04455932053618
6,60,14,75.3243429133628
7,70,14,66.316190117623
8,70,10,69.056744133422
9,60,14,66.67165242066801
10,70,10,67.71278928807601
11,60,10,68.052405660199
12,60,10,62.510406543756
13,70,14,79.15259949560601
14,70,10,62.75939757192201
15,70,14,78.56408258612001
