Run ID,Batch Size,Number of Hidden Neurons,Response
0,61,10,2646.756675842366
1,68,10,3452.00895424526
2,61,13,4277.591755534564
3,68,13,2229.8992112075757
4,65,12,3219.8828873859147
5,65,12,3174.919101420531
6,65,12,2184.203964073586
7,65,12,2706.508984979266
8,60,12,1742.686569578652
9,70,12,2808.087474117985
10,65,10,1740.0916479321022
11,65,14,1936.190057110104
12,65,12,908.862563876511
13,65,12,2040.8974720285937
14,65,12,2373.1743605810498
15,65,12,2990.8707196203923
