Run ID,Batch Size,Number of Hidden Neurons,Response
0,65,12,37.759447683321206
1,62,10,34.086050959044684
2,59,8,36.026679536261504
